elements,parallel,streambuf_size,types_idx,types_str
6,16,663552,1,"ctg(27648)[float]"

elapsed
0.011271
0.010830
0.010880
0.010769
0.010741
0.010800
0.010782
0.010816
0.010701
0.010900
0.010876
0.010825
0.010813
0.010753
0.010753
0.010830
0.010784
0.010789
0.010776
0.010859
