elements,parallel,streambuf_size,types_idx,types_str
20,1,2211840,1,"ctg(27648)[float]"

elapsed
0.002259
0.002126
0.002113
0.002048
0.002036
0.001956
0.002052
0.002004
0.001943
0.002039
0.002016
0.001997
0.002014
0.001957
0.001993
0.002048
0.002023
0.002060
0.001997
0.002031
