elements,parallel,streambuf_size,types_idx,types_str
20,4,2211840,1,"ctg(27648)[float]"

elapsed
0.008730
0.008423
0.008353
0.008396
0.008326
0.008343
0.008448
0.008380
0.008305
0.008346
0.008299
0.008336
0.008395
0.008402
0.008373
0.008411
0.008290
0.008390
0.008400
0.008411
