elements,parallel,streambuf_size,types_idx,types_str
20,5,2211840,1,"ctg(27648)[float]"

elapsed
0.012984
0.009953
0.009727
0.009968
0.009679
0.009670
0.009652
0.009637
0.009704
0.009716
0.009727
0.009787
0.009632
0.009709
0.009570
0.009644
0.009681
0.009642
0.009728
0.009796
