elements,parallel,streambuf_size,types_idx,types_str
20,7,2211840,1,"ctg(27648)[float]"

elapsed
0.015604
0.016342
0.015774
0.015831
0.015974
0.015934
0.015958
0.015903
0.015897
0.015835
0.015824
0.015856
0.015861
0.015932
0.015749
0.015818
0.015850
0.015920
0.015789
0.015981
