handler,host_dma,cycles
1166.546424,702.385822,104.094730
