handler,host_dma,cycles
1172.718218,706.590090,104.075576
