handler,host_dma,cycles
1111.497500,666.337500,104.094375
