handler,host_dma,cycles
1149.302897,689.141688,104.095088
