handler,host_dma,cycles
1135.984346,683.824045,104.094552
