handler,host_dma,cycles
1092.470735,653.340670,104.075500
