handler,host_dma,cycles
1137.154620,681.993715,104.094849
