handler,host_dma,cycles
1098.649825,653.518759,104.075500
