handler,host_dma,cycles
0.000000,0.000000,0.000000
