handler,host_dma,cycles
1165.125063,701.996998,104.075500
