handler,host_dma,cycles
1141.993997,686.865933,104.075500
