handler,host_dma,cycles
1113.294413,663.133082,104.094790
