handler,host_dma,cycles
1121.267634,674.139570,104.075500
