handler,host_dma,cycles
1154.443260,693.282759,104.094671
