handler,host_dma,cycles
1078.954977,642.823412,104.075500
