handler,host_dma,cycles
1140.854363,684.693660,104.094790
