handler,host_dma,cycles
1098.636511,654.494041,104.081798
