handler,host_dma,cycles
1100.069393,657.910161,104.093556
