handler,host_dma,cycles
1115.948474,666.819410,104.075500
