handler,host_dma,cycles
1148.409375,692.249375,104.094375
