handler,host_dma,cycles
1106.442561,659.279347,104.094790
