handler,host_dma,cycles
1146.656328,688.528264,104.075500
