handler,host_dma,cycles
1108.710355,664.582291,104.075500
