handler,host_dma,cycles
1126.479740,676.351676,104.075500
