handler,host_dma,cycles
1123.510255,675.382191,104.075500
