handler,host_dma,cycles
1095.271133,654.109580,104.094552
