handler,host_dma,cycles
1155.309867,697.173333,104.080533
