handler,host_dma,cycles
1127.996229,675.835324,104.094909
