handler,host_dma,cycles
1141.536250,688.376250,104.094375
