handler,host_dma,cycles
1081.065748,643.901691,104.094552
