handler,host_dma,cycles
1123.992996,670.864932,104.075500
