elements,parallel,streambuf_size,types_idx,types_str
4,16,442368,0,"hvec(2 1 18432)[hvec(2 1 12288)[hvec(2 1 6144)[vec(32 6 8)[ctg(18)[float]]]]]"

elapsed
0.017351
0.015438
0.015492
0.015365
0.015348
0.015384
0.015413
0.015361
0.016035
0.015358
0.015312
0.015404
0.015351
0.015306
0.015309
0.015352
0.015406
0.015350
0.015361
0.015423
