elements,parallel,streambuf_size,types_idx,types_str
20,16,2211840,0,"hvec(2 1 18432)[hvec(2 1 12288)[hvec(2 1 6144)[vec(32 6 8)[ctg(18)[float]]]]]"

elapsed
0.073805
0.072833
0.073016
0.073117
0.073157
0.073198
0.063383
0.063352
0.063056
0.062824
0.063173
0.063277
0.062955
0.063372
0.063211
0.063355
0.063161
0.063137
0.063284
0.063102
