elements,parallel,streambuf_size,types_idx,types_str
20,2,2211840,0,"hvec(2 1 18432)[hvec(2 1 12288)[hvec(2 1 6144)[vec(32 6 8)[ctg(18)[float]]]]]"

elapsed
0.011447
0.011116
0.011231
0.011122
0.011090
0.011110
0.011120
0.011065
0.011117
0.011104
0.011131
0.011123
0.011111
0.011116
0.010730
0.010752
0.010754
0.010719
0.010765
0.010710
