elements,parallel,streambuf_size,types_idx,types_str
20,8,2211840,0,"hvec(2 1 18432)[hvec(2 1 12288)[hvec(2 1 6144)[vec(32 6 8)[ctg(18)[float]]]]]"

elapsed
0.037538
0.036023
0.032174
0.031587
0.031708
0.031720
0.031652
0.031616
0.031736
0.031636
0.031763
0.031688
0.031624
0.031719
0.031693
0.031691
0.031662
0.031659
0.031716
0.031668
