handler,host_dma,cycles
1824.546773,1378.407704,104.075500
