handler,host_dma,cycles
4276.061031,3813.923462,104.075500
