icmp_handler,icmp_host_dma,cycles
1020.364364,579.081081,104.151000
