handler,host_dma,cycles
2559.323162,2108.185593,104.075500
