handler,host_dma,cycles
3047.588794,2593.451226,104.075500
