handler,host_dma,cycles
3532.103552,3074.965983,104.075500
