handler,host_dma,cycles
3283.504252,2826.952500,104.075500
