handler,host_dma,cycles
4484.117059,4020.979490,104.075500
