handler,host_dma,cycles
4024.712856,3564.575288,104.075500
