handler,host_dma,cycles
3788.473237,3329.335668,104.075500
