handler,host_dma,cycles
1595.700850,1150.561281,104.075500
