handler,host_dma,cycles
1095.400700,654.259130,104.075500
