handler,host_dma,cycles
2790.329665,2338.192096,104.075500
