handler,host_dma,cycles
2293.415708,1844.278139,104.075500
