handler,host_dma,cycles
2078.787394,1630.649325,104.075500
