handler,host_dma,cycles
1337.137069,893.996498,104.075500
